"filename", "language", "JavaScript", "Handlebars", "JSON", "Log", "XML", "CSS", "TypeScript", "SCSS", "Properties", "comment", "blank", "total"
"c:\Users\KCTCodingIm12\Desktop\KCI PI Beta 3.0\.env", "Properties", 0, 0, 0, 0, 0, 0, 0, 0, 1, 0, 2, 3
"c:\Users\KCTCodingIm12\Desktop\KCI PI Beta 3.0\_tests_\clearanceTests\addNotes.test.js", "JavaScript", 68, 0, 0, 0, 0, 0, 0, 0, 0, 0, 11, 79
"c:\Users\KCTCodingIm12\Desktop\KCI PI Beta 3.0\_tests_\clearanceTests\approveResume.test.js", "JavaScript", 97, 0, 0, 0, 0, 0, 0, 0, 0, 11, 19, 127
"c:\Users\KCTCodingIm12\Desktop\KCI PI Beta 3.0\_tests_\clearanceTests\editClearance.test.js", "JavaScript", 132, 0, 0, 0, 0, 0, 0, 0, 0, 15, 26, 173
"c:\Users\KCTCodingIm12\Desktop\KCI PI Beta 3.0\_tests_\clearanceTests\editResident.test.js", "JavaScript", 69, 0, 0, 0, 0, 0, 0, 0, 0, 11, 15, 95
"c:\Users\KCTCodingIm12\Desktop\KCI PI Beta 3.0\_tests_\clearanceTests\findNotes.test.js", "JavaScript", 44, 0, 0, 0, 0, 0, 0, 0, 0, 0, 16, 60
"c:\Users\KCTCodingIm12\Desktop\KCI PI Beta 3.0\_tests_\clearanceTests\rejectResume.test.js", "JavaScript", 102, 0, 0, 0, 0, 0, 0, 0, 0, 12, 19, 133
"c:\Users\KCTCodingIm12\Desktop\KCI PI Beta 3.0\_tests_\clearanceTests\requestClearance.test.js", "JavaScript", 145, 0, 0, 0, 0, 0, 0, 0, 0, 22, 28, 195
"c:\Users\KCTCodingIm12\Desktop\KCI PI Beta 3.0\_tests_\clearanceTests\scheduleInterview.test.js", "JavaScript", 113, 0, 0, 0, 0, 0, 0, 0, 0, 9, 20, 142
"c:\Users\KCTCodingIm12\Desktop\KCI PI Beta 3.0\api\controllers\adminControllers.js", "JavaScript", 1450, 0, 0, 0, 0, 0, 0, 0, 0, 65, 184, 1699
"c:\Users\KCTCodingIm12\Desktop\KCI PI Beta 3.0\api\controllers\authControllers.js", "JavaScript", 138, 0, 0, 0, 0, 0, 0, 0, 0, 25, 22, 185
"c:\Users\KCTCodingIm12\Desktop\KCI PI Beta 3.0\api\controllers\classificationControllers.js", "JavaScript", 355, 0, 0, 0, 0, 0, 0, 0, 0, 29, 56, 440
"c:\Users\KCTCodingIm12\Desktop\KCI PI Beta 3.0\api\controllers\clearanceControllers.js", "JavaScript", 680, 0, 0, 0, 0, 0, 0, 0, 0, 48, 91, 819
"c:\Users\KCTCodingIm12\Desktop\KCI PI Beta 3.0\api\controllers\employerControllers.js", "JavaScript", 788, 0, 0, 0, 0, 0, 0, 0, 0, 101, 105, 994
"c:\Users\KCTCodingIm12\Desktop\KCI PI Beta 3.0\api\controllers\facility_managementControllers.js", "JavaScript", 342, 0, 0, 0, 0, 0, 0, 0, 0, 34, 55, 431
"c:\Users\KCTCodingIm12\Desktop\KCI PI Beta 3.0\api\controllers\notificationControllers.js", "JavaScript", 54, 0, 0, 0, 0, 0, 0, 0, 0, 5, 3, 62
"c:\Users\KCTCodingIm12\Desktop\KCI PI Beta 3.0\api\controllers\requestControllers.js", "JavaScript", 301, 0, 0, 0, 0, 0, 0, 0, 0, 28, 48, 377
"c:\Users\KCTCodingIm12\Desktop\KCI PI Beta 3.0\api\controllers\residentControllers.js", "JavaScript", 317, 0, 0, 0, 0, 0, 0, 0, 0, 42, 26, 385
"c:\Users\KCTCodingIm12\Desktop\KCI PI Beta 3.0\api\controllers\sharedControllers.js", "JavaScript", 118, 0, 0, 0, 0, 0, 0, 0, 0, 1, 15, 134
"c:\Users\KCTCodingIm12\Desktop\KCI PI Beta 3.0\api\controllers\unitTeamControllers.js", "JavaScript", 551, 0, 0, 0, 0, 0, 0, 0, 0, 42, 79, 672
"c:\Users\KCTCodingIm12\Desktop\KCI PI Beta 3.0\api\cron\interviewCleanup.js", "JavaScript", 33, 0, 0, 0, 0, 0, 0, 0, 0, 3, 11, 47
"c:\Users\KCTCodingIm12\Desktop\KCI PI Beta 3.0\api\cron\notificationCleanup.js", "JavaScript", 18, 0, 0, 0, 0, 0, 0, 0, 0, 3, 5, 26
"c:\Users\KCTCodingIm12\Desktop\KCI PI Beta 3.0\api\dbConfig\db.js", "JavaScript", 36, 0, 0, 0, 0, 0, 0, 0, 0, 43, 14, 93
"c:\Users\KCTCodingIm12\Desktop\KCI PI Beta 3.0\api\helpers\helpers.js", "JavaScript", 41, 0, 0, 0, 0, 0, 0, 0, 0, 4, 10, 55
"c:\Users\KCTCodingIm12\Desktop\KCI PI Beta 3.0\api\middleware\authMiddleware.js", "JavaScript", 124, 0, 0, 0, 0, 0, 0, 0, 0, 11, 16, 151
"c:\Users\KCTCodingIm12\Desktop\KCI PI Beta 3.0\api\middleware\errorHandling.js", "JavaScript", 22, 0, 0, 0, 0, 0, 0, 0, 0, 3, 6, 31
"c:\Users\KCTCodingIm12\Desktop\KCI PI Beta 3.0\api\middleware\sessionSecurity.js", "JavaScript", 9, 0, 0, 0, 0, 0, 0, 0, 0, 2, 1, 12
"c:\Users\KCTCodingIm12\Desktop\KCI PI Beta 3.0\api\models\ActivityLog.js", "JavaScript", 54, 0, 0, 0, 0, 0, 0, 0, 0, 0, 4, 58
"c:\Users\KCTCodingIm12\Desktop\KCI PI Beta 3.0\api\models\Admin.js", "JavaScript", 47, 0, 0, 0, 0, 0, 0, 0, 0, 3, 7, 57
"c:\Users\KCTCodingIm12\Desktop\KCI PI Beta 3.0\api\models\Classification.js", "JavaScript", 44, 0, 0, 0, 0, 0, 0, 0, 0, 2, 5, 51
"c:\Users\KCTCodingIm12\Desktop\KCI PI Beta 3.0\api\models\Company.js", "JavaScript", 20, 0, 0, 0, 0, 0, 0, 0, 0, 0, 3, 23
"c:\Users\KCTCodingIm12\Desktop\KCI PI Beta 3.0\api\models\Employer.js", "JavaScript", 58, 0, 0, 0, 0, 0, 0, 0, 0, 2, 6, 66
"c:\Users\KCTCodingIm12\Desktop\KCI PI Beta 3.0\api\models\Facility_Management.js", "JavaScript", 47, 0, 0, 0, 0, 0, 0, 0, 0, 2, 5, 54
"c:\Users\KCTCodingIm12\Desktop\KCI PI Beta 3.0\api\models\Jobs.js", "JavaScript", 80, 0, 0, 0, 0, 0, 0, 0, 0, 1, 7, 88
"c:\Users\KCTCodingIm12\Desktop\KCI PI Beta 3.0\api\models\Link.js", "JavaScript", 33, 0, 0, 0, 0, 0, 0, 0, 0, 0, 4, 37
"c:\Users\KCTCodingIm12\Desktop\KCI PI Beta 3.0\api\models\Notification.js", "JavaScript", 56, 0, 0, 0, 0, 0, 0, 0, 0, 0, 4, 60
"c:\Users\KCTCodingIm12\Desktop\KCI PI Beta 3.0\api\models\Resident.js", "JavaScript", 135, 0, 0, 0, 0, 0, 0, 0, 0, 2, 13, 150
"c:\Users\KCTCodingIm12\Desktop\KCI PI Beta 3.0\api\models\UnitTeam.js", "JavaScript", 44, 0, 0, 0, 0, 0, 0, 0, 0, 2, 5, 51
"c:\Users\KCTCodingIm12\Desktop\KCI PI Beta 3.0\api\routes\adminRoutes.js", "JavaScript", 232, 0, 0, 0, 0, 0, 0, 0, 0, 17, 39, 288
"c:\Users\KCTCodingIm12\Desktop\KCI PI Beta 3.0\api\routes\authRoutes.js", "JavaScript", 36, 0, 0, 0, 0, 0, 0, 0, 0, 7, 12, 55
"c:\Users\KCTCodingIm12\Desktop\KCI PI Beta 3.0\api\routes\classificationRoutes.js", "JavaScript", 49, 0, 0, 0, 0, 0, 0, 0, 0, 7, 17, 73
"c:\Users\KCTCodingIm12\Desktop\KCI PI Beta 3.0\api\routes\clearanceRoutes.js", "JavaScript", 72, 0, 0, 0, 0, 0, 0, 0, 0, 4, 11, 87
"c:\Users\KCTCodingIm12\Desktop\KCI PI Beta 3.0\api\routes\employerRoutes.js", "JavaScript", 95, 0, 0, 0, 0, 0, 0, 0, 0, 4, 22, 121
"c:\Users\KCTCodingIm12\Desktop\KCI PI Beta 3.0\api\routes\facility_managementRoutes.js", "JavaScript", 69, 0, 0, 0, 0, 0, 0, 0, 0, 4, 19, 92
"c:\Users\KCTCodingIm12\Desktop\KCI PI Beta 3.0\api\routes\notificationRoutes.js", "JavaScript", 42, 0, 0, 0, 0, 0, 0, 0, 0, 4, 9, 55
"c:\Users\KCTCodingIm12\Desktop\KCI PI Beta 3.0\api\routes\requestRoutes.js", "JavaScript", 31, 0, 0, 0, 0, 0, 0, 0, 0, 7, 11, 49
"c:\Users\KCTCodingIm12\Desktop\KCI PI Beta 3.0\api\routes\residentRoutes.js", "JavaScript", 34, 0, 0, 0, 0, 0, 0, 0, 0, 1, 15, 50
"c:\Users\KCTCodingIm12\Desktop\KCI PI Beta 3.0\api\routes\sharedRoutes.js", "JavaScript", 40, 0, 0, 0, 0, 0, 0, 0, 0, 4, 10, 54
"c:\Users\KCTCodingIm12\Desktop\KCI PI Beta 3.0\api\routes\unitTeamRoutes.js", "JavaScript", 74, 0, 0, 0, 0, 0, 0, 0, 0, 4, 18, 96
"c:\Users\KCTCodingIm12\Desktop\KCI PI Beta 3.0\api\test-data\data\test-data-admin.json", "JSON", 0, 0, 58, 0, 0, 0, 0, 0, 0, 0, 1, 59
"c:\Users\KCTCodingIm12\Desktop\KCI PI Beta 3.0\api\test-data\data\test-data-classification.json", "JSON", 0, 0, 23, 0, 0, 0, 0, 0, 0, 0, 1, 24
"c:\Users\KCTCodingIm12\Desktop\KCI PI Beta 3.0\api\test-data\data\test-data-companies.json", "JSON", 0, 0, 142, 0, 0, 0, 0, 0, 0, 0, 1, 143
"c:\Users\KCTCodingIm12\Desktop\KCI PI Beta 3.0\api\test-data\data\test-data-employers.json", "JSON", 0, 0, 110, 0, 0, 0, 0, 0, 0, 0, 1, 111
"c:\Users\KCTCodingIm12\Desktop\KCI PI Beta 3.0\api\test-data\data\test-data-facility_management.json", "JSON", 0, 0, 122, 0, 0, 0, 0, 0, 0, 0, 1, 123
"c:\Users\KCTCodingIm12\Desktop\KCI PI Beta 3.0\api\test-data\data\test-data-resident.json", "JSON", 0, 0, 1579, 0, 0, 0, 0, 0, 0, 0, 20, 1599
"c:\Users\KCTCodingIm12\Desktop\KCI PI Beta 3.0\api\test-data\data\test-data-unitTeam.json", "JSON", 0, 0, 346, 0, 0, 0, 0, 0, 0, 0, 1, 347
"c:\Users\KCTCodingIm12\Desktop\KCI PI Beta 3.0\api\test-data\populate\populate-admin.js", "JavaScript", 10, 0, 0, 0, 0, 0, 0, 0, 0, 1, 2, 13
"c:\Users\KCTCodingIm12\Desktop\KCI PI Beta 3.0\api\test-data\populate\populate-all.js", "JavaScript", 53, 0, 0, 0, 0, 0, 0, 0, 0, 6, 5, 64
"c:\Users\KCTCodingIm12\Desktop\KCI PI Beta 3.0\api\test-data\populate\populate-classification.js", "JavaScript", 10, 0, 0, 0, 0, 0, 0, 0, 0, 1, 2, 13
"c:\Users\KCTCodingIm12\Desktop\KCI PI Beta 3.0\api\test-data\populate\populate-companies.js", "JavaScript", 10, 0, 0, 0, 0, 0, 0, 0, 0, 1, 2, 13
"c:\Users\KCTCodingIm12\Desktop\KCI PI Beta 3.0\api\test-data\populate\populate-employers.js", "JavaScript", 10, 0, 0, 0, 0, 0, 0, 0, 0, 1, 2, 13
"c:\Users\KCTCodingIm12\Desktop\KCI PI Beta 3.0\api\test-data\populate\populate-facility_management.js", "JavaScript", 10, 0, 0, 0, 0, 0, 0, 0, 0, 1, 2, 13
"c:\Users\KCTCodingIm12\Desktop\KCI PI Beta 3.0\api\test-data\populate\populate-residents.js", "JavaScript", 10, 0, 0, 0, 0, 0, 0, 0, 0, 1, 2, 13
"c:\Users\KCTCodingIm12\Desktop\KCI PI Beta 3.0\api\test-data\populate\populate-unitTeam.js", "JavaScript", 10, 0, 0, 0, 0, 0, 0, 0, 0, 1, 2, 13
"c:\Users\KCTCodingIm12\Desktop\KCI PI Beta 3.0\api\utils\activityLogUtils.js", "JavaScript", 47, 0, 0, 0, 0, 0, 0, 0, 0, 7, 7, 61
"c:\Users\KCTCodingIm12\Desktop\KCI PI Beta 3.0\api\utils\adminUtils.js", "JavaScript", 118, 0, 0, 0, 0, 0, 0, 0, 0, 3, 22, 143
"c:\Users\KCTCodingIm12\Desktop\KCI PI Beta 3.0\api\utils\clearanceUtils.js", "JavaScript", 207, 0, 0, 0, 0, 0, 0, 0, 0, 17, 33, 257
"c:\Users\KCTCodingIm12\Desktop\KCI PI Beta 3.0\api\utils\emailUtils\notificationEmail.js", "JavaScript", 230, 0, 0, 0, 0, 0, 0, 0, 0, 6, 34, 270
"c:\Users\KCTCodingIm12\Desktop\KCI PI Beta 3.0\api\utils\employerUtils.js", "JavaScript", 148, 0, 0, 0, 0, 0, 0, 0, 0, 22, 26, 196
"c:\Users\KCTCodingIm12\Desktop\KCI PI Beta 3.0\api\utils\kdocStaffUtils.js", "JavaScript", 177, 0, 0, 0, 0, 0, 0, 0, 0, 18, 25, 220
"c:\Users\KCTCodingIm12\Desktop\KCI PI Beta 3.0\api\utils\logger.js", "JavaScript", 36, 0, 0, 0, 0, 0, 0, 0, 0, 6, 6, 48
"c:\Users\KCTCodingIm12\Desktop\KCI PI Beta 3.0\api\utils\notificationUtils.js", "JavaScript", 71, 0, 0, 0, 0, 0, 0, 0, 0, 10, 9, 90
"c:\Users\KCTCodingIm12\Desktop\KCI PI Beta 3.0\api\utils\requestUtils.js", "JavaScript", 86, 0, 0, 0, 0, 0, 0, 0, 0, 12, 17, 115
"c:\Users\KCTCodingIm12\Desktop\KCI PI Beta 3.0\api\utils\validationUtils.js", "JavaScript", 12, 0, 0, 0, 0, 0, 0, 0, 0, 0, 2, 14
"c:\Users\KCTCodingIm12\Desktop\KCI PI Beta 3.0\app\assets\css\login.css", "CSS", 0, 0, 0, 0, 0, 26, 0, 0, 0, 0, 2, 28
"c:\Users\KCTCodingIm12\Desktop\KCI PI Beta 3.0\app\assets\css\style.css", "CSS", 0, 0, 0, 0, 0, 1014, 0, 0, 0, 66, 204, 1284
"c:\Users\KCTCodingIm12\Desktop\KCI PI Beta 3.0\app\assets\img\not-found.svg", "XML", 0, 0, 0, 0, 1, 0, 0, 0, 0, 0, 0, 1
"c:\Users\KCTCodingIm12\Desktop\KCI PI Beta 3.0\app\assets\js\login.js", "JavaScript", 38, 0, 0, 0, 0, 0, 0, 0, 0, 13, 7, 58
"c:\Users\KCTCodingIm12\Desktop\KCI PI Beta 3.0\app\assets\js\main.js", "JavaScript", 191, 0, 0, 0, 0, 0, 0, 0, 0, 122, 23, 336
"c:\Users\KCTCodingIm12\Desktop\KCI PI Beta 3.0\app\assets\js\requestClearance.js", "JavaScript", 40, 0, 0, 0, 0, 0, 0, 0, 0, 5, 14, 59
"c:\Users\KCTCodingIm12\Desktop\KCI PI Beta 3.0\app\assets\js\residentApprovalForm.js", "JavaScript", 67, 0, 0, 0, 0, 0, 0, 0, 0, 28, 20, 115
"c:\Users\KCTCodingIm12\Desktop\KCI PI Beta 3.0\app\assets\js\residentLogin.js", "JavaScript", 27, 0, 0, 0, 0, 0, 0, 0, 0, 3, 3, 33
"c:\Users\KCTCodingIm12\Desktop\KCI PI Beta 3.0\app\assets\vendor\apexcharts\apexcharts.amd.js", "JavaScript", 1, 0, 0, 0, 0, 0, 0, 0, 0, 1, 0, 2
"c:\Users\KCTCodingIm12\Desktop\KCI PI Beta 3.0\app\assets\vendor\apexcharts\apexcharts.common.js", "JavaScript", 3, 0, 0, 0, 0, 0, 0, 0, 0, 11, 1, 15
"c:\Users\KCTCodingIm12\Desktop\KCI PI Beta 3.0\app\assets\vendor\apexcharts\apexcharts.css", "CSS", 0, 0, 0, 0, 0, 576, 0, 0, 0, 0, 113, 689
"c:\Users\KCTCodingIm12\Desktop\KCI PI Beta 3.0\app\assets\vendor\apexcharts\apexcharts.esm.js", "JavaScript", 3, 0, 0, 0, 0, 0, 0, 0, 0, 11, 1, 15
"c:\Users\KCTCodingIm12\Desktop\KCI PI Beta 3.0\app\assets\vendor\apexcharts\apexcharts.js", "JavaScript", 28157, 0, 0, 0, 0, 0, 0, 0, 0, 2942, 1153, 32252
"c:\Users\KCTCodingIm12\Desktop\KCI PI Beta 3.0\app\assets\vendor\apexcharts\apexcharts.min.js", "JavaScript", 3, 0, 0, 0, 0, 0, 0, 0, 0, 11, 1, 15
"c:\Users\KCTCodingIm12\Desktop\KCI PI Beta 3.0\app\assets\vendor\apexcharts\locales\ar.json", "JSON", 0, 0, 63, 0, 0, 0, 0, 0, 0, 0, 1, 64
"c:\Users\KCTCodingIm12\Desktop\KCI PI Beta 3.0\app\assets\vendor\apexcharts\locales\be-cyrl.json", "JSON", 0, 0, 55, 0, 0, 0, 0, 0, 0, 0, 1, 56
"c:\Users\KCTCodingIm12\Desktop\KCI PI Beta 3.0\app\assets\vendor\apexcharts\locales\be-latn.json", "JSON", 0, 0, 55, 0, 0, 0, 0, 0, 0, 0, 1, 56
"c:\Users\KCTCodingIm12\Desktop\KCI PI Beta 3.0\app\assets\vendor\apexcharts\locales\ca.json", "JSON", 0, 0, 55, 0, 0, 0, 0, 0, 0, 0, 1, 56
"c:\Users\KCTCodingIm12\Desktop\KCI PI Beta 3.0\app\assets\vendor\apexcharts\locales\cs.json", "JSON", 0, 0, 55, 0, 0, 0, 0, 0, 0, 0, 1, 56
"c:\Users\KCTCodingIm12\Desktop\KCI PI Beta 3.0\app\assets\vendor\apexcharts\locales\da.json", "JSON", 0, 0, 55, 0, 0, 0, 0, 0, 0, 0, 1, 56
"c:\Users\KCTCodingIm12\Desktop\KCI PI Beta 3.0\app\assets\vendor\apexcharts\locales\de.json", "JSON", 0, 0, 55, 0, 0, 0, 0, 0, 0, 0, 1, 56
"c:\Users\KCTCodingIm12\Desktop\KCI PI Beta 3.0\app\assets\vendor\apexcharts\locales\el.json", "JSON", 0, 0, 55, 0, 0, 0, 0, 0, 0, 0, 1, 56
"c:\Users\KCTCodingIm12\Desktop\KCI PI Beta 3.0\app\assets\vendor\apexcharts\locales\en.json", "JSON", 0, 0, 55, 0, 0, 0, 0, 0, 0, 0, 1, 56
"c:\Users\KCTCodingIm12\Desktop\KCI PI Beta 3.0\app\assets\vendor\apexcharts\locales\es.json", "JSON", 0, 0, 55, 0, 0, 0, 0, 0, 0, 0, 1, 56
"c:\Users\KCTCodingIm12\Desktop\KCI PI Beta 3.0\app\assets\vendor\apexcharts\locales\et.json", "JSON", 0, 0, 63, 0, 0, 0, 0, 0, 0, 0, 1, 64
"c:\Users\KCTCodingIm12\Desktop\KCI PI Beta 3.0\app\assets\vendor\apexcharts\locales\fa.json", "JSON", 0, 0, 55, 0, 0, 0, 0, 0, 0, 0, 1, 56
"c:\Users\KCTCodingIm12\Desktop\KCI PI Beta 3.0\app\assets\vendor\apexcharts\locales\fi.json", "JSON", 0, 0, 55, 0, 0, 0, 0, 0, 0, 0, 1, 56
"c:\Users\KCTCodingIm12\Desktop\KCI PI Beta 3.0\app\assets\vendor\apexcharts\locales\fr.json", "JSON", 0, 0, 55, 0, 0, 0, 0, 0, 0, 0, 1, 56
"c:\Users\KCTCodingIm12\Desktop\KCI PI Beta 3.0\app\assets\vendor\apexcharts\locales\he.json", "JSON", 0, 0, 55, 0, 0, 0, 0, 0, 0, 0, 1, 56
"c:\Users\KCTCodingIm12\Desktop\KCI PI Beta 3.0\app\assets\vendor\apexcharts\locales\hi.json", "JSON", 0, 0, 55, 0, 0, 0, 0, 0, 0, 0, 1, 56
"c:\Users\KCTCodingIm12\Desktop\KCI PI Beta 3.0\app\assets\vendor\apexcharts\locales\hr.json", "JSON", 0, 0, 55, 0, 0, 0, 0, 0, 0, 0, 1, 56
"c:\Users\KCTCodingIm12\Desktop\KCI PI Beta 3.0\app\assets\vendor\apexcharts\locales\hu.json", "JSON", 0, 0, 64, 0, 0, 0, 0, 0, 0, 0, 1, 65
"c:\Users\KCTCodingIm12\Desktop\KCI PI Beta 3.0\app\assets\vendor\apexcharts\locales\hy.json", "JSON", 0, 0, 55, 0, 0, 0, 0, 0, 0, 0, 1, 56
"c:\Users\KCTCodingIm12\Desktop\KCI PI Beta 3.0\app\assets\vendor\apexcharts\locales\id.json", "JSON", 0, 0, 47, 0, 0, 0, 0, 0, 0, 0, 1, 48
"c:\Users\KCTCodingIm12\Desktop\KCI PI Beta 3.0\app\assets\vendor\apexcharts\locales\it.json", "JSON", 0, 0, 55, 0, 0, 0, 0, 0, 0, 0, 1, 56
"c:\Users\KCTCodingIm12\Desktop\KCI PI Beta 3.0\app\assets\vendor\apexcharts\locales\ja.json", "JSON", 0, 0, 55, 0, 0, 0, 0, 0, 0, 0, 1, 56
"c:\Users\KCTCodingIm12\Desktop\KCI PI Beta 3.0\app\assets\vendor\apexcharts\locales\ka.json", "JSON", 0, 0, 55, 0, 0, 0, 0, 0, 0, 0, 1, 56
"c:\Users\KCTCodingIm12\Desktop\KCI PI Beta 3.0\app\assets\vendor\apexcharts\locales\ko.json", "JSON", 0, 0, 55, 0, 0, 0, 0, 0, 0, 0, 1, 56
"c:\Users\KCTCodingIm12\Desktop\KCI PI Beta 3.0\app\assets\vendor\apexcharts\locales\lt.json", "JSON", 0, 0, 55, 0, 0, 0, 0, 0, 0, 0, 1, 56
"c:\Users\KCTCodingIm12\Desktop\KCI PI Beta 3.0\app\assets\vendor\apexcharts\locales\lv.json", "JSON", 0, 0, 63, 0, 0, 0, 0, 0, 0, 0, 2, 65
"c:\Users\KCTCodingIm12\Desktop\KCI PI Beta 3.0\app\assets\vendor\apexcharts\locales\ms.json", "JSON", 0, 0, 63, 0, 0, 0, 0, 0, 0, 0, 0, 63
"c:\Users\KCTCodingIm12\Desktop\KCI PI Beta 3.0\app\assets\vendor\apexcharts\locales\nb.json", "JSON", 0, 0, 55, 0, 0, 0, 0, 0, 0, 0, 1, 56
"c:\Users\KCTCodingIm12\Desktop\KCI PI Beta 3.0\app\assets\vendor\apexcharts\locales\nl.json", "JSON", 0, 0, 55, 0, 0, 0, 0, 0, 0, 0, 1, 56
"c:\Users\KCTCodingIm12\Desktop\KCI PI Beta 3.0\app\assets\vendor\apexcharts\locales\pl.json", "JSON", 0, 0, 55, 0, 0, 0, 0, 0, 0, 0, 1, 56
"c:\Users\KCTCodingIm12\Desktop\KCI PI Beta 3.0\app\assets\vendor\apexcharts\locales\pt-br.json", "JSON", 0, 0, 55, 0, 0, 0, 0, 0, 0, 0, 1, 56
"c:\Users\KCTCodingIm12\Desktop\KCI PI Beta 3.0\app\assets\vendor\apexcharts\locales\pt.json", "JSON", 0, 0, 55, 0, 0, 0, 0, 0, 0, 0, 1, 56
"c:\Users\KCTCodingIm12\Desktop\KCI PI Beta 3.0\app\assets\vendor\apexcharts\locales\rs.json", "JSON", 0, 0, 55, 0, 0, 0, 0, 0, 0, 0, 1, 56
"c:\Users\KCTCodingIm12\Desktop\KCI PI Beta 3.0\app\assets\vendor\apexcharts\locales\ru.json", "JSON", 0, 0, 55, 0, 0, 0, 0, 0, 0, 0, 1, 56
"c:\Users\KCTCodingIm12\Desktop\KCI PI Beta 3.0\app\assets\vendor\apexcharts\locales\se.json", "JSON", 0, 0, 55, 0, 0, 0, 0, 0, 0, 0, 1, 56
"c:\Users\KCTCodingIm12\Desktop\KCI PI Beta 3.0\app\assets\vendor\apexcharts\locales\sk.json", "JSON", 0, 0, 55, 0, 0, 0, 0, 0, 0, 0, 1, 56
"c:\Users\KCTCodingIm12\Desktop\KCI PI Beta 3.0\app\assets\vendor\apexcharts\locales\sl.json", "JSON", 0, 0, 55, 0, 0, 0, 0, 0, 0, 0, 1, 56
"c:\Users\KCTCodingIm12\Desktop\KCI PI Beta 3.0\app\assets\vendor\apexcharts\locales\sq.json", "JSON", 0, 0, 55, 0, 0, 0, 0, 0, 0, 0, 1, 56
"c:\Users\KCTCodingIm12\Desktop\KCI PI Beta 3.0\app\assets\vendor\apexcharts\locales\th.json", "JSON", 0, 0, 55, 0, 0, 0, 0, 0, 0, 0, 1, 56
"c:\Users\KCTCodingIm12\Desktop\KCI PI Beta 3.0\app\assets\vendor\apexcharts\locales\tr.json", "JSON", 0, 0, 55, 0, 0, 0, 0, 0, 0, 0, 1, 56
"c:\Users\KCTCodingIm12\Desktop\KCI PI Beta 3.0\app\assets\vendor\apexcharts\locales\ua.json", "JSON", 0, 0, 55, 0, 0, 0, 0, 0, 0, 0, 1, 56
"c:\Users\KCTCodingIm12\Desktop\KCI PI Beta 3.0\app\assets\vendor\apexcharts\locales\vi.json", "JSON", 0, 0, 63, 0, 0, 0, 0, 0, 0, 0, 0, 63
"c:\Users\KCTCodingIm12\Desktop\KCI PI Beta 3.0\app\assets\vendor\apexcharts\locales\zh-cn.json", "JSON", 0, 0, 55, 0, 0, 0, 0, 0, 0, 0, 1, 56
"c:\Users\KCTCodingIm12\Desktop\KCI PI Beta 3.0\app\assets\vendor\apexcharts\locales\zh-tw.json", "JSON", 0, 0, 55, 0, 0, 0, 0, 0, 0, 0, 1, 56
"c:\Users\KCTCodingIm12\Desktop\KCI PI Beta 3.0\app\assets\vendor\bootstrap-icons\bootstrap-icons.css", "CSS", 0, 0, 0, 0, 0, 2070, 0, 0, 0, 5, 4, 2079
"c:\Users\KCTCodingIm12\Desktop\KCI PI Beta 3.0\app\assets\vendor\bootstrap-icons\bootstrap-icons.json", "JSON", 0, 0, 2052, 0, 0, 0, 0, 0, 0, 0, 0, 2052
"c:\Users\KCTCodingIm12\Desktop\KCI PI Beta 3.0\app\assets\vendor\bootstrap-icons\bootstrap-icons.min.css", "CSS", 0, 0, 0, 0, 0, 1, 0, 0, 0, 4, 0, 5
"c:\Users\KCTCodingIm12\Desktop\KCI PI Beta 3.0\app\assets\vendor\bootstrap-icons\bootstrap-icons.scss", "SCSS", 0, 0, 0, 0, 0, 0, 0, 2080, 0, 5, 6, 2091
"c:\Users\KCTCodingIm12\Desktop\KCI PI Beta 3.0\app\assets\vendor\bootstrap\css\bootstrap-grid.css", "CSS", 0, 0, 0, 0, 0, 3886, 0, 0, 0, 6, 193, 4085
"c:\Users\KCTCodingIm12\Desktop\KCI PI Beta 3.0\app\assets\vendor\bootstrap\css\bootstrap-grid.min.css", "CSS", 0, 0, 0, 0, 0, 1, 0, 0, 0, 5, 0, 6
"c:\Users\KCTCodingIm12\Desktop\KCI PI Beta 3.0\app\assets\vendor\bootstrap\css\bootstrap-grid.rtl.css", "CSS", 0, 0, 0, 0, 0, 3886, 0, 0, 0, 6, 192, 4084
"c:\Users\KCTCodingIm12\Desktop\KCI PI Beta 3.0\app\assets\vendor\bootstrap\css\bootstrap-grid.rtl.min.css", "CSS", 0, 0, 0, 0, 0, 1, 0, 0, 0, 5, 0, 6
"c:\Users\KCTCodingIm12\Desktop\KCI PI Beta 3.0\app\assets\vendor\bootstrap\css\bootstrap-reboot.css", "CSS", 0, 0, 0, 0, 0, 518, 0, 0, 0, 14, 65, 597
"c:\Users\KCTCodingIm12\Desktop\KCI PI Beta 3.0\app\assets\vendor\bootstrap\css\bootstrap-reboot.min.css", "CSS", 0, 0, 0, 0, 0, 1, 0, 0, 0, 5, 0, 6
"c:\Users\KCTCodingIm12\Desktop\KCI PI Beta 3.0\app\assets\vendor\bootstrap\css\bootstrap-reboot.rtl.css", "CSS", 0, 0, 0, 0, 0, 524, 0, 0, 0, 6, 64, 594
"c:\Users\KCTCodingIm12\Desktop\KCI PI Beta 3.0\app\assets\vendor\bootstrap\css\bootstrap-reboot.rtl.min.css", "CSS", 0, 0, 0, 0, 0, 1, 0, 0, 0, 5, 0, 6
"c:\Users\KCTCodingIm12\Desktop\KCI PI Beta 3.0\app\assets\vendor\bootstrap\css\bootstrap-utilities.css", "CSS", 0, 0, 0, 0, 0, 4891, 0, 0, 0, 8, 503, 5402
"c:\Users\KCTCodingIm12\Desktop\KCI PI Beta 3.0\app\assets\vendor\bootstrap\css\bootstrap-utilities.min.css", "CSS", 0, 0, 0, 0, 0, 1, 0, 0, 0, 5, 0, 6
"c:\Users\KCTCodingIm12\Desktop\KCI PI Beta 3.0\app\assets\vendor\bootstrap\css\bootstrap-utilities.rtl.css", "CSS", 0, 0, 0, 0, 0, 4887, 0, 0, 0, 6, 500, 5393
"c:\Users\KCTCodingIm12\Desktop\KCI PI Beta 3.0\app\assets\vendor\bootstrap\css\bootstrap-utilities.rtl.min.css", "CSS", 0, 0, 0, 0, 0, 1, 0, 0, 0, 5, 0, 6
"c:\Users\KCTCodingIm12\Desktop\KCI PI Beta 3.0\app\assets\vendor\bootstrap\css\bootstrap.css", "CSS", 0, 0, 0, 0, 0, 11136, 0, 0, 0, 24, 897, 12057
"c:\Users\KCTCodingIm12\Desktop\KCI PI Beta 3.0\app\assets\vendor\bootstrap\css\bootstrap.min.css", "CSS", 0, 0, 0, 0, 0, 2, 0, 0, 0, 4, 0, 6
"c:\Users\KCTCodingIm12\Desktop\KCI PI Beta 3.0\app\assets\vendor\bootstrap\css\bootstrap.rtl.css", "CSS", 0, 0, 0, 0, 0, 11138, 0, 0, 0, 6, 886, 12030
"c:\Users\KCTCodingIm12\Desktop\KCI PI Beta 3.0\app\assets\vendor\bootstrap\css\bootstrap.rtl.min.css", "CSS", 0, 0, 0, 0, 0, 2, 0, 0, 0, 4, 0, 6
"c:\Users\KCTCodingIm12\Desktop\KCI PI Beta 3.0\app\assets\vendor\bootstrap\js\bootstrap.bundle.js", "JavaScript", 5064, 0, 0, 0, 0, 0, 0, 0, 0, 655, 596, 6315
"c:\Users\KCTCodingIm12\Desktop\KCI PI Beta 3.0\app\assets\vendor\bootstrap\js\bootstrap.bundle.min.js", "JavaScript", 1, 0, 0, 0, 0, 0, 0, 0, 0, 6, 0, 7
"c:\Users\KCTCodingIm12\Desktop\KCI PI Beta 3.0\app\assets\vendor\bootstrap\js\bootstrap.esm.js", "JavaScript", 3568, 0, 0, 0, 0, 0, 0, 0, 0, 578, 302, 4448
"c:\Users\KCTCodingIm12\Desktop\KCI PI Beta 3.0\app\assets\vendor\bootstrap\js\bootstrap.esm.min.js", "JavaScript", 1, 0, 0, 0, 0, 0, 0, 0, 0, 6, 0, 7
"c:\Users\KCTCodingIm12\Desktop\KCI PI Beta 3.0\app\assets\vendor\bootstrap\js\bootstrap.js", "JavaScript", 3604, 0, 0, 0, 0, 0, 0, 0, 0, 584, 307, 4495
"c:\Users\KCTCodingIm12\Desktop\KCI PI Beta 3.0\app\assets\vendor\bootstrap\js\bootstrap.min.js", "JavaScript", 1, 0, 0, 0, 0, 0, 0, 0, 0, 6, 0, 7
"c:\Users\KCTCodingIm12\Desktop\KCI PI Beta 3.0\app\assets\vendor\chart.js\chart.cjs", "JavaScript", 11384, 0, 0, 0, 0, 0, 0, 0, 0, 70, 61, 11515
"c:\Users\KCTCodingIm12\Desktop\KCI PI Beta 3.0\app\assets\vendor\chart.js\chart.js", "JavaScript", 11337, 0, 0, 0, 0, 0, 0, 0, 0, 70, 60, 11467
"c:\Users\KCTCodingIm12\Desktop\KCI PI Beta 3.0\app\assets\vendor\chart.js\chart.umd.js", "JavaScript", 2, 0, 0, 0, 0, 0, 0, 0, 0, 12, 1, 15
"c:\Users\KCTCodingIm12\Desktop\KCI PI Beta 3.0\app\assets\vendor\chart.js\chunks\helpers.segment.cjs", "JavaScript", 2452, 0, 0, 0, 0, 0, 0, 0, 0, 401, 23, 2876
"c:\Users\KCTCodingIm12\Desktop\KCI PI Beta 3.0\app\assets\vendor\chart.js\chunks\helpers.segment.js", "JavaScript", 2327, 0, 0, 0, 0, 0, 0, 0, 0, 401, 22, 2750
"c:\Users\KCTCodingIm12\Desktop\KCI PI Beta 3.0\app\assets\vendor\chart.js\controllers\controller.bar.d.ts", "TypeScript", 0, 0, 0, 0, 0, 0, 15, 0, 0, 47, 1, 63
"c:\Users\KCTCodingIm12\Desktop\KCI PI Beta 3.0\app\assets\vendor\chart.js\controllers\controller.bubble.d.ts", "TypeScript", 0, 0, 0, 0, 0, 0, 14, 0, 0, 21, 1, 36
"c:\Users\KCTCodingIm12\Desktop\KCI PI Beta 3.0\app\assets\vendor\chart.js\controllers\controller.doughnut.d.ts", "TypeScript", 0, 0, 0, 0, 0, 0, 34, 0, 0, 30, 1, 65
"c:\Users\KCTCodingIm12\Desktop\KCI PI Beta 3.0\app\assets\vendor\chart.js\controllers\controller.line.d.ts", "TypeScript", 0, 0, 0, 0, 0, 0, 7, 0, 0, 6, 1, 14
"c:\Users\KCTCodingIm12\Desktop\KCI PI Beta 3.0\app\assets\vendor\chart.js\controllers\controller.pie.d.ts", "TypeScript", 0, 0, 0, 0, 0, 0, 3, 0, 0, 0, 1, 4
"c:\Users\KCTCodingIm12\Desktop\KCI PI Beta 3.0\app\assets\vendor\chart.js\controllers\controller.polarArea.d.ts", "TypeScript", 0, 0, 0, 0, 0, 0, 23, 0, 0, 12, 1, 36
"c:\Users\KCTCodingIm12\Desktop\KCI PI Beta 3.0\app\assets\vendor\chart.js\controllers\controller.radar.d.ts", "TypeScript", 0, 0, 0, 0, 0, 0, 13, 0, 0, 6, 1, 20
"c:\Users\KCTCodingIm12\Desktop\KCI PI Beta 3.0\app\assets\vendor\chart.js\controllers\controller.scatter.d.ts", "TypeScript", 0, 0, 0, 0, 0, 0, 11, 0, 0, 9, 1, 21
"c:\Users\KCTCodingIm12\Desktop\KCI PI Beta 3.0\app\assets\vendor\chart.js\controllers\index.d.ts", "TypeScript", 0, 0, 0, 0, 0, 0, 8, 0, 0, 0, 1, 9
"c:\Users\KCTCodingIm12\Desktop\KCI PI Beta 3.0\app\assets\vendor\chart.js\core\core.adapters.d.ts", "TypeScript", 0, 0, 0, 0, 0, 0, 31, 0, 0, 62, 1, 94
"c:\Users\KCTCodingIm12\Desktop\KCI PI Beta 3.0\app\assets\vendor\chart.js\core\core.animation.d.ts", "TypeScript", 0, 0, 0, 0, 0, 0, 21, 0, 0, 0, 1, 22
"c:\Users\KCTCodingIm12\Desktop\KCI PI Beta 3.0\app\assets\vendor\chart.js\core\core.animations.d.ts", "TypeScript", 0, 0, 0, 0, 0, 0, 9, 0, 0, 13, 1, 23
"c:\Users\KCTCodingIm12\Desktop\KCI PI Beta 3.0\app\assets\vendor\chart.js\core\core.animations.defaults.d.ts", "TypeScript", 0, 0, 0, 0, 0, 0, 1, 0, 0, 0, 1, 2
"c:\Users\KCTCodingIm12\Desktop\KCI PI Beta 3.0\app\assets\vendor\chart.js\core\core.animator.d.ts", "TypeScript", 0, 0, 0, 0, 0, 0, 21, 0, 0, 46, 1, 68
"c:\Users\KCTCodingIm12\Desktop\KCI PI Beta 3.0\app\assets\vendor\chart.js\core\core.config.d.ts", "TypeScript", 0, 0, 0, 0, 0, 0, 34, 0, 0, 52, 1, 87
"c:\Users\KCTCodingIm12\Desktop\KCI PI Beta 3.0\app\assets\vendor\chart.js\core\core.controller.d.ts", "TypeScript", 0, 0, 0, 0, 0, 0, 121, 0, 0, 136, 1, 258
"c:\Users\KCTCodingIm12\Desktop\KCI PI Beta 3.0\app\assets\vendor\chart.js\core\core.datasetController.d.ts", "TypeScript", 0, 0, 0, 0, 0, 0, 90, 0, 0, 161, 1, 252
"c:\Users\KCTCodingIm12\Desktop\KCI PI Beta 3.0\app\assets\vendor\chart.js\core\core.defaults.d.ts", "TypeScript", 0, 0, 0, 0, 0, 0, 48, 0, 0, 32, 1, 81
"c:\Users\KCTCodingIm12\Desktop\KCI PI Beta 3.0\app\assets\vendor\chart.js\core\core.element.d.ts", "TypeScript", 0, 0, 0, 0, 0, 0, 16, 0, 0, 5, 1, 22
"c:\Users\KCTCodingIm12\Desktop\KCI PI Beta 3.0\app\assets\vendor\chart.js\core\core.interaction.d.ts", "TypeScript", 0, 0, 0, 0, 0, 0, 26, 0, 0, 66, 1, 93
"c:\Users\KCTCodingIm12\Desktop\KCI PI Beta 3.0\app\assets\vendor\chart.js\core\core.layouts.d.ts", "TypeScript", 0, 0, 0, 0, 0, 0, 23, 0, 0, 65, 1, 89
"c:\Users\KCTCodingIm12\Desktop\KCI PI Beta 3.0\app\assets\vendor\chart.js\core\core.layouts.defaults.d.ts", "TypeScript", 0, 0, 0, 0, 0, 0, 1, 0, 0, 0, 1, 2
"c:\Users\KCTCodingIm12\Desktop\KCI PI Beta 3.0\app\assets\vendor\chart.js\core\core.plugins.d.ts", "TypeScript", 0, 0, 0, 0, 0, 0, 27, 0, 0, 34, 1, 62
"c:\Users\KCTCodingIm12\Desktop\KCI PI Beta 3.0\app\assets\vendor\chart.js\core\core.registry.d.ts", "TypeScript", 0, 0, 0, 0, 0, 0, 31, 0, 0, 59, 1, 91
"c:\Users\KCTCodingIm12\Desktop\KCI PI Beta 3.0\app\assets\vendor\chart.js\core\core.scale.autoskip.d.ts", "TypeScript", 0, 0, 0, 0, 0, 0, 8, 0, 0, 11, 1, 20
"c:\Users\KCTCodingIm12\Desktop\KCI PI Beta 3.0\app\assets\vendor\chart.js\core\core.scale.d.ts", "TypeScript", 0, 0, 0, 0, 0, 0, 145, 0, 0, 198, 1, 344
"c:\Users\KCTCodingIm12\Desktop\KCI PI Beta 3.0\app\assets\vendor\chart.js\core\core.scale.defaults.d.ts", "TypeScript", 0, 0, 0, 0, 0, 0, 1, 0, 0, 0, 1, 2
"c:\Users\KCTCodingIm12\Desktop\KCI PI Beta 3.0\app\assets\vendor\chart.js\core\core.ticks.d.ts", "TypeScript", 0, 0, 0, 0, 0, 0, 9, 0, 0, 22, 1, 32
"c:\Users\KCTCodingIm12\Desktop\KCI PI Beta 3.0\app\assets\vendor\chart.js\core\core.typedRegistry.d.ts", "TypeScript", 0, 0, 0, 0, 0, 0, 19, 0, 0, 14, 1, 34
"c:\Users\KCTCodingIm12\Desktop\KCI PI Beta 3.0\app\assets\vendor\chart.js\core\index.d.ts", "TypeScript", 0, 0, 0, 0, 0, 0, 15, 0, 0, 0, 1, 16
"c:\Users\KCTCodingIm12\Desktop\KCI PI Beta 3.0\app\assets\vendor\chart.js\elements\element.arc.d.ts", "TypeScript", 0, 0, 0, 0, 0, 0, 50, 0, 0, 0, 1, 51
"c:\Users\KCTCodingIm12\Desktop\KCI PI Beta 3.0\app\assets\vendor\chart.js\elements\element.bar.d.ts", "TypeScript", 0, 0, 0, 0, 0, 0, 29, 0, 0, 3, 1, 33
"c:\Users\KCTCodingIm12\Desktop\KCI PI Beta 3.0\app\assets\vendor\chart.js\elements\element.line.d.ts", "TypeScript", 0, 0, 0, 0, 0, 0, 41, 0, 0, 46, 1, 88
"c:\Users\KCTCodingIm12\Desktop\KCI PI Beta 3.0\app\assets\vendor\chart.js\elements\element.point.d.ts", "TypeScript", 0, 0, 0, 0, 0, 0, 33, 0, 0, 6, 1, 40
"c:\Users\KCTCodingIm12\Desktop\KCI PI Beta 3.0\app\assets\vendor\chart.js\elements\index.d.ts", "TypeScript", 0, 0, 0, 0, 0, 0, 4, 0, 0, 0, 1, 5
"c:\Users\KCTCodingIm12\Desktop\KCI PI Beta 3.0\app\assets\vendor\chart.js\helpers.cjs", "JavaScript", 124, 0, 0, 0, 0, 0, 0, 0, 0, 7, 5, 136
"c:\Users\KCTCodingIm12\Desktop\KCI PI Beta 3.0\app\assets\vendor\chart.js\helpers.js", "JavaScript", 2, 0, 0, 0, 0, 0, 0, 0, 0, 7, 1, 10
"c:\Users\KCTCodingIm12\Desktop\KCI PI Beta 3.0\app\assets\vendor\chart.js\helpers\helpers.canvas.d.ts", "TypeScript", 0, 0, 0, 0, 0, 0, 31, 0, 0, 44, 1, 76
"c:\Users\KCTCodingIm12\Desktop\KCI PI Beta 3.0\app\assets\vendor\chart.js\helpers\helpers.collection.d.ts", "TypeScript", 0, 0, 0, 0, 0, 0, 27, 0, 0, 41, 1, 69
"c:\Users\KCTCodingIm12\Desktop\KCI PI Beta 3.0\app\assets\vendor\chart.js\helpers\helpers.color.d.ts", "TypeScript", 0, 0, 0, 0, 0, 0, 13, 0, 0, 0, 1, 14
"c:\Users\KCTCodingIm12\Desktop\KCI PI Beta 3.0\app\assets\vendor\chart.js\helpers\helpers.config.d.ts", "TypeScript", 0, 0, 0, 0, 0, 0, 10, 0, 0, 21, 1, 32
"c:\Users\KCTCodingIm12\Desktop\KCI PI Beta 3.0\app\assets\vendor\chart.js\helpers\helpers.config.types.d.ts", "TypeScript", 0, 0, 0, 0, 0, 0, 41, 0, 0, 0, 1, 42
"c:\Users\KCTCodingIm12\Desktop\KCI PI Beta 3.0\app\assets\vendor\chart.js\helpers\helpers.core.d.ts", "TypeScript", 0, 0, 0, 0, 0, 0, 45, 0, 0, 102, 1, 148
"c:\Users\KCTCodingIm12\Desktop\KCI PI Beta 3.0\app\assets\vendor\chart.js\helpers\helpers.curve.d.ts", "TypeScript", 0, 0, 0, 0, 0, 0, 8, 0, 0, 9, 1, 18
"c:\Users\KCTCodingIm12\Desktop\KCI PI Beta 3.0\app\assets\vendor\chart.js\helpers\helpers.dom.d.ts", "TypeScript", 0, 0, 0, 0, 0, 0, 16, 0, 0, 39, 1, 56
"c:\Users\KCTCodingIm12\Desktop\KCI PI Beta 3.0\app\assets\vendor\chart.js\helpers\helpers.easing.d.ts", "TypeScript", 0, 0, 0, 0, 0, 0, 35, 0, 0, 5, 1, 41
"c:\Users\KCTCodingIm12\Desktop\KCI PI Beta 3.0\app\assets\vendor\chart.js\helpers\helpers.extras.d.ts", "TypeScript", 0, 0, 0, 0, 0, 0, 13, 0, 0, 32, 1, 46
"c:\Users\KCTCodingIm12\Desktop\KCI PI Beta 3.0\app\assets\vendor\chart.js\helpers\helpers.interpolation.d.ts", "TypeScript", 0, 0, 0, 0, 0, 0, 13, 0, 0, 9, 1, 23
"c:\Users\KCTCodingIm12\Desktop\KCI PI Beta 3.0\app\assets\vendor\chart.js\helpers\helpers.intl.d.ts", "TypeScript", 0, 0, 0, 0, 0, 0, 1, 0, 0, 0, 1, 2
"c:\Users\KCTCodingIm12\Desktop\KCI PI Beta 3.0\app\assets\vendor\chart.js\helpers\helpers.math.d.ts", "TypeScript", 0, 0, 0, 0, 0, 0, 34, 0, 0, 50, 1, 85
"c:\Users\KCTCodingIm12\Desktop\KCI PI Beta 3.0\app\assets\vendor\chart.js\helpers\helpers.options.d.ts", "TypeScript", 0, 0, 0, 0, 0, 0, 28, 0, 0, 69, 1, 98
"c:\Users\KCTCodingIm12\Desktop\KCI PI Beta 3.0\app\assets\vendor\chart.js\helpers\helpers.rtl.d.ts", "TypeScript", 0, 0, 0, 0, 0, 0, 10, 0, 0, 0, 1, 11
"c:\Users\KCTCodingIm12\Desktop\KCI PI Beta 3.0\app\assets\vendor\chart.js\helpers\helpers.segment.d.ts", "TypeScript", 0, 0, 0, 0, 0, 0, 34, 0, 0, 31, 1, 66
"c:\Users\KCTCodingIm12\Desktop\KCI PI Beta 3.0\app\assets\vendor\chart.js\helpers\index.d.ts", "TypeScript", 0, 0, 0, 0, 0, 0, 15, 0, 0, 0, 1, 16
"c:\Users\KCTCodingIm12\Desktop\KCI PI Beta 3.0\app\assets\vendor\chart.js\index.d.ts", "TypeScript", 0, 0, 0, 0, 0, 0, 12, 0, 0, 0, 1, 13
"c:\Users\KCTCodingIm12\Desktop\KCI PI Beta 3.0\app\assets\vendor\chart.js\index.umd.d.ts", "TypeScript", 0, 0, 0, 0, 0, 0, 2, 0, 0, 3, 1, 6
"c:\Users\KCTCodingIm12\Desktop\KCI PI Beta 3.0\app\assets\vendor\chart.js\platform\index.d.ts", "TypeScript", 0, 0, 0, 0, 0, 0, 5, 0, 0, 0, 1, 6
"c:\Users\KCTCodingIm12\Desktop\KCI PI Beta 3.0\app\assets\vendor\chart.js\platform\platform.base.d.ts", "TypeScript", 0, 0, 0, 0, 0, 0, 14, 0, 0, 49, 1, 64
"c:\Users\KCTCodingIm12\Desktop\KCI PI Beta 3.0\app\assets\vendor\chart.js\platform\platform.basic.d.ts", "TypeScript", 0, 0, 0, 0, 0, 0, 5, 0, 0, 5, 1, 11
"c:\Users\KCTCodingIm12\Desktop\KCI PI Beta 3.0\app\assets\vendor\chart.js\platform\platform.dom.d.ts", "TypeScript", 0, 0, 0, 0, 0, 0, 6, 0, 0, 13, 1, 20
"c:\Users\KCTCodingIm12\Desktop\KCI PI Beta 3.0\app\assets\vendor\chart.js\plugins\index.d.ts", "TypeScript", 0, 0, 0, 0, 0, 0, 7, 0, 0, 0, 1, 8
"c:\Users\KCTCodingIm12\Desktop\KCI PI Beta 3.0\app\assets\vendor\chart.js\plugins\plugin.colors.d.ts", "TypeScript", 0, 0, 0, 0, 0, 0, 11, 0, 0, 0, 1, 12
"c:\Users\KCTCodingIm12\Desktop\KCI PI Beta 3.0\app\assets\vendor\chart.js\plugins\plugin.decimation.d.ts", "TypeScript", 0, 0, 0, 0, 0, 0, 10, 0, 0, 0, 1, 11
"c:\Users\KCTCodingIm12\Desktop\KCI PI Beta 3.0\app\assets\vendor\chart.js\plugins\plugin.filler\filler.drawing.d.ts", "TypeScript", 0, 0, 0, 0, 0, 0, 1, 0, 0, 0, 1, 2
"c:\Users\KCTCodingIm12\Desktop\KCI PI Beta 3.0\app\assets\vendor\chart.js\plugins\plugin.filler\filler.helper.d.ts", "TypeScript", 0, 0, 0, 0, 0, 0, 9, 0, 0, 5, 1, 15
"c:\Users\KCTCodingIm12\Desktop\KCI PI Beta 3.0\app\assets\vendor\chart.js\plugins\plugin.filler\filler.options.d.ts", "TypeScript", 0, 0, 0, 0, 0, 0, 8, 0, 0, 22, 1, 31
"c:\Users\KCTCodingIm12\Desktop\KCI PI Beta 3.0\app\assets\vendor\chart.js\plugins\plugin.filler\filler.segment.d.ts", "TypeScript", 0, 0, 0, 0, 0, 0, 36, 0, 0, 0, 1, 37
"c:\Users\KCTCodingIm12\Desktop\KCI PI Beta 3.0\app\assets\vendor\chart.js\plugins\plugin.filler\filler.target.d.ts", "TypeScript", 0, 0, 0, 0, 0, 0, 4, 0, 0, 5, 1, 10
"c:\Users\KCTCodingIm12\Desktop\KCI PI Beta 3.0\app\assets\vendor\chart.js\plugins\plugin.filler\filler.target.stack.d.ts", "TypeScript", 0, 0, 0, 0, 0, 0, 10, 0, 0, 4, 1, 15
"c:\Users\KCTCodingIm12\Desktop\KCI PI Beta 3.0\app\assets\vendor\chart.js\plugins\plugin.filler\index.d.ts", "TypeScript", 0, 0, 0, 0, 0, 0, 12, 0, 0, 0, 1, 13
"c:\Users\KCTCodingIm12\Desktop\KCI PI Beta 3.0\app\assets\vendor\chart.js\plugins\plugin.filler\simpleArc.d.ts", "TypeScript", 0, 0, 0, 0, 0, 0, 12, 0, 0, 0, 1, 13
"c:\Users\KCTCodingIm12\Desktop\KCI PI Beta 3.0\app\assets\vendor\chart.js\plugins\plugin.legend.d.ts", "TypeScript", 0, 0, 0, 0, 0, 0, 89, 0, 0, 25, 1, 115
"c:\Users\KCTCodingIm12\Desktop\KCI PI Beta 3.0\app\assets\vendor\chart.js\plugins\plugin.subtitle.d.ts", "TypeScript", 0, 0, 0, 0, 0, 0, 27, 0, 0, 0, 1, 28
"c:\Users\KCTCodingIm12\Desktop\KCI PI Beta 3.0\app\assets\vendor\chart.js\plugins\plugin.title.d.ts", "TypeScript", 0, 0, 0, 0, 0, 0, 58, 0, 0, 3, 1, 62
"c:\Users\KCTCodingIm12\Desktop\KCI PI Beta 3.0\app\assets\vendor\chart.js\plugins\plugin.tooltip.d.ts", "TypeScript", 0, 0, 0, 0, 0, 0, 221, 0, 0, 67, 1, 289
"c:\Users\KCTCodingIm12\Desktop\KCI PI Beta 3.0\app\assets\vendor\chart.js\scales\index.d.ts", "TypeScript", 0, 0, 0, 0, 0, 0, 6, 0, 0, 0, 1, 7
"c:\Users\KCTCodingIm12\Desktop\KCI PI Beta 3.0\app\assets\vendor\chart.js\scales\scale.category.d.ts", "TypeScript", 0, 0, 0, 0, 0, 0, 17, 0, 0, 4, 1, 22
"c:\Users\KCTCodingIm12\Desktop\KCI PI Beta 3.0\app\assets\vendor\chart.js\scales\scale.linear.d.ts", "TypeScript", 0, 0, 0, 0, 0, 0, 7, 0, 0, 3, 1, 11
"c:\Users\KCTCodingIm12\Desktop\KCI PI Beta 3.0\app\assets\vendor\chart.js\scales\scale.linearbase.d.ts", "TypeScript", 0, 0, 0, 0, 0, 0, 13, 0, 0, 7, 1, 21
"c:\Users\KCTCodingIm12\Desktop\KCI PI Beta 3.0\app\assets\vendor\chart.js\scales\scale.logarithmic.d.ts", "TypeScript", 0, 0, 0, 0, 0, 0, 15, 0, 0, 10, 1, 26
"c:\Users\KCTCodingIm12\Desktop\KCI PI Beta 3.0\app\assets\vendor\chart.js\scales\scale.radialLinear.d.ts", "TypeScript", 0, 0, 0, 0, 0, 0, 50, 0, 0, 13, 1, 64
"c:\Users\KCTCodingIm12\Desktop\KCI PI Beta 3.0\app\assets\vendor\chart.js\scales\scale.time.d.ts", "TypeScript", 0, 0, 0, 0, 0, 0, 45, 0, 0, 85, 1, 131
"c:\Users\KCTCodingIm12\Desktop\KCI PI Beta 3.0\app\assets\vendor\chart.js\scales\scale.timeseries.d.ts", "TypeScript", 0, 0, 0, 0, 0, 0, 11, 0, 0, 28, 1, 40
"c:\Users\KCTCodingIm12\Desktop\KCI PI Beta 3.0\app\assets\vendor\chart.js\types.d.ts", "TypeScript", 0, 0, 0, 0, 0, 0, 3, 0, 0, 7, 1, 11
"c:\Users\KCTCodingIm12\Desktop\KCI PI Beta 3.0\app\assets\vendor\chart.js\types\animation.d.ts", "TypeScript", 0, 0, 0, 0, 0, 0, 30, 0, 0, 0, 5, 35
"c:\Users\KCTCodingIm12\Desktop\KCI PI Beta 3.0\app\assets\vendor\chart.js\types\basic.d.ts", "TypeScript", 0, 0, 0, 0, 0, 0, 2, 0, 0, 0, 2, 4
"c:\Users\KCTCodingIm12\Desktop\KCI PI Beta 3.0\app\assets\vendor\chart.js\types\color.d.ts", "TypeScript", 0, 0, 0, 0, 0, 0, 1, 0, 0, 0, 1, 2
"c:\Users\KCTCodingIm12\Desktop\KCI PI Beta 3.0\app\assets\vendor\chart.js\types\geometric.d.ts", "TypeScript", 0, 0, 0, 0, 0, 0, 42, 0, 0, 2, 9, 53
"c:\Users\KCTCodingIm12\Desktop\KCI PI Beta 3.0\app\assets\vendor\chart.js\types\index.d.ts", "TypeScript", 0, 0, 0, 0, 0, 0, 1611, 0, 0, 1808, 413, 3832
"c:\Users\KCTCodingIm12\Desktop\KCI PI Beta 3.0\app\assets\vendor\chart.js\types\layout.d.ts", "TypeScript", 0, 0, 0, 0, 0, 0, 18, 0, 0, 44, 4, 66
"c:\Users\KCTCodingIm12\Desktop\KCI PI Beta 3.0\app\assets\vendor\chart.js\types\utils.d.ts", "TypeScript", 0, 0, 0, 0, 0, 0, 18, 0, 0, 5, 8, 31
"c:\Users\KCTCodingIm12\Desktop\KCI PI Beta 3.0\app\assets\vendor\echarts\echarts.common.js", "JavaScript", 48096, 0, 0, 0, 0, 0, 0, 0, 0, 8028, 458, 56582
"c:\Users\KCTCodingIm12\Desktop\KCI PI Beta 3.0\app\assets\vendor\echarts\echarts.common.min.js", "JavaScript", 3, 0, 0, 0, 0, 0, 0, 0, 0, 40, 3, 46
"c:\Users\KCTCodingIm12\Desktop\KCI PI Beta 3.0\app\assets\vendor\echarts\echarts.esm.js", "JavaScript", 72602, 0, 0, 0, 0, 0, 0, 0, 0, 12394, 735, 85731
"c:\Users\KCTCodingIm12\Desktop\KCI PI Beta 3.0\app\assets\vendor\echarts\echarts.esm.min.js", "JavaScript", 2, 0, 0, 0, 0, 0, 0, 0, 0, 41, 3, 46
"c:\Users\KCTCodingIm12\Desktop\KCI PI Beta 3.0\app\assets\vendor\echarts\echarts.esm.min.mjs", "JavaScript", 2, 0, 0, 0, 0, 0, 0, 0, 0, 41, 3, 46
"c:\Users\KCTCodingIm12\Desktop\KCI PI Beta 3.0\app\assets\vendor\echarts\echarts.esm.mjs", "JavaScript", 72602, 0, 0, 0, 0, 0, 0, 0, 0, 12394, 735, 85731
"c:\Users\KCTCodingIm12\Desktop\KCI PI Beta 3.0\app\assets\vendor\echarts\echarts.js", "JavaScript", 72665, 0, 0, 0, 0, 0, 0, 0, 0, 12394, 738, 85797
"c:\Users\KCTCodingIm12\Desktop\KCI PI Beta 3.0\app\assets\vendor\echarts\echarts.min.js", "JavaScript", 3, 0, 0, 0, 0, 0, 0, 0, 0, 40, 3, 46
"c:\Users\KCTCodingIm12\Desktop\KCI PI Beta 3.0\app\assets\vendor\echarts\echarts.simple.js", "JavaScript", 35320, 0, 0, 0, 0, 0, 0, 0, 0, 5762, 319, 41401
"c:\Users\KCTCodingIm12\Desktop\KCI PI Beta 3.0\app\assets\vendor\echarts\echarts.simple.min.js", "JavaScript", 3, 0, 0, 0, 0, 0, 0, 0, 0, 40, 3, 46
"c:\Users\KCTCodingIm12\Desktop\KCI PI Beta 3.0\app\assets\vendor\echarts\extension\bmap.js", "JavaScript", 296, 0, 0, 0, 0, 0, 0, 0, 0, 63, 10, 369
"c:\Users\KCTCodingIm12\Desktop\KCI PI Beta 3.0\app\assets\vendor\echarts\extension\bmap.min.js", "JavaScript", 1, 0, 0, 0, 0, 0, 0, 0, 0, 18, 3, 22
"c:\Users\KCTCodingIm12\Desktop\KCI PI Beta 3.0\app\assets\vendor\echarts\extension\dataTool.js", "JavaScript", 289, 0, 0, 0, 0, 0, 0, 0, 0, 100, 15, 404
"c:\Users\KCTCodingIm12\Desktop\KCI PI Beta 3.0\app\assets\vendor\echarts\extension\dataTool.min.js", "JavaScript", 1, 0, 0, 0, 0, 0, 0, 0, 0, 18, 3, 22
"c:\Users\KCTCodingIm12\Desktop\KCI PI Beta 3.0\app\assets\vendor\echarts\package.json", "JSON", 0, 0, 3, 0, 0, 0, 0, 0, 0, 0, 0, 3
"c:\Users\KCTCodingIm12\Desktop\KCI PI Beta 3.0\app\assets\vendor\simple-datatables\simple-datatables.js", "JavaScript", 6, 0, 0, 0, 0, 0, 0, 0, 0, 0, 3, 9
"c:\Users\KCTCodingIm12\Desktop\KCI PI Beta 3.0\app\assets\vendor\simple-datatables\style.css", "CSS", 0, 0, 0, 0, 0, 196, 0, 0, 0, 2, 36, 234
"c:\Users\KCTCodingIm12\Desktop\KCI PI Beta 3.0\jest.config.js", "JavaScript", 4, 0, 0, 0, 0, 0, 0, 0, 0, 1, 1, 6
"c:\Users\KCTCodingIm12\Desktop\KCI PI Beta 3.0\jest.setup.js", "JavaScript", 1, 0, 0, 0, 0, 0, 0, 0, 0, 1, 1, 3
"c:\Users\KCTCodingIm12\Desktop\KCI PI Beta 3.0\logs\.37b9788170b6ccef2496bb2696e95d262bdc235a-audit.json", "JSON", 0, 0, 15, 0, 0, 0, 0, 0, 0, 0, 0, 15
"c:\Users\KCTCodingIm12\Desktop\KCI PI Beta 3.0\logs\2025-03-17-app.log", "Log", 0, 0, 0, 0, 0, 0, 0, 0, 0, 0, 1, 1
"c:\Users\KCTCodingIm12\Desktop\KCI PI Beta 3.0\logs\app.log", "Log", 0, 0, 0, 0, 0, 0, 0, 0, 0, 0, 1, 1
"c:\Users\KCTCodingIm12\Desktop\KCI PI Beta 3.0\package-lock.json", "JSON", 0, 0, 6554, 0, 0, 0, 0, 0, 0, 0, 1, 6555
"c:\Users\KCTCodingIm12\Desktop\KCI PI Beta 3.0\package.json", "JSON", 0, 0, 47, 0, 0, 0, 0, 0, 0, 0, 1, 48
"c:\Users\KCTCodingIm12\Desktop\KCI PI Beta 3.0\server.js", "JavaScript", 117, 0, 0, 0, 0, 0, 0, 0, 0, 23, 26, 166
"c:\Users\KCTCodingIm12\Desktop\KCI PI Beta 3.0\views\admin\analytics.handlebars", "Handlebars", 0, 211, 0, 0, 0, 0, 0, 0, 0, 2, 24, 237
"c:\Users\KCTCodingIm12\Desktop\KCI PI Beta 3.0\views\admin\db\adminDB.handlebars", "Handlebars", 0, 317, 0, 0, 0, 0, 0, 0, 0, 16, 21, 354
"c:\Users\KCTCodingIm12\Desktop\KCI PI Beta 3.0\views\admin\db\classificationDB.handlebars", "Handlebars", 0, 377, 0, 0, 0, 0, 0, 0, 0, 16, 27, 420
"c:\Users\KCTCodingIm12\Desktop\KCI PI Beta 3.0\views\admin\db\companyDB.handlebars", "Handlebars", 0, 272, 0, 0, 0, 0, 0, 0, 0, 10, 18, 300
"c:\Users\KCTCodingIm12\Desktop\KCI PI Beta 3.0\views\admin\db\employerDB.handlebars", "Handlebars", 0, 393, 0, 0, 0, 0, 0, 0, 0, 18, 19, 430
"c:\Users\KCTCodingIm12\Desktop\KCI PI Beta 3.0\views\admin\db\facility_managementDB.handlebars", "Handlebars", 0, 384, 0, 0, 0, 0, 0, 0, 0, 16, 22, 422
"c:\Users\KCTCodingIm12\Desktop\KCI PI Beta 3.0\views\admin\db\residentDB.handlebars", "Handlebars", 0, 363, 0, 0, 0, 0, 0, 0, 0, 18, 20, 401
"c:\Users\KCTCodingIm12\Desktop\KCI PI Beta 3.0\views\admin\db\unitTeamDB.handlebars", "Handlebars", 0, 364, 0, 0, 0, 0, 0, 0, 0, 16, 24, 404
"c:\Users\KCTCodingIm12\Desktop\KCI PI Beta 3.0\views\admin\logs.handlebars", "Handlebars", 0, 31, 0, 0, 0, 0, 0, 0, 0, 0, 9, 40
"c:\Users\KCTCodingIm12\Desktop\KCI PI Beta 3.0\views\admin\profiles\adminProfile.handlebars", "Handlebars", 0, 88, 0, 0, 0, 0, 0, 0, 0, 0, 9, 97
"c:\Users\KCTCodingIm12\Desktop\KCI PI Beta 3.0\views\admin\profiles\classificationProfile.handlebars", "Handlebars", 0, 91, 0, 0, 0, 0, 0, 0, 0, 1, 13, 105
"c:\Users\KCTCodingIm12\Desktop\KCI PI Beta 3.0\views\admin\profiles\companyProfile.handlebars", "Handlebars", 0, 238, 0, 0, 0, 0, 0, 0, 0, 12, 22, 272
"c:\Users\KCTCodingIm12\Desktop\KCI PI Beta 3.0\views\admin\profiles\employerProfile.handlebars", "Handlebars", 0, 92, 0, 0, 0, 0, 0, 0, 0, 2, 18, 112
"c:\Users\KCTCodingIm12\Desktop\KCI PI Beta 3.0\views\admin\profiles\facility_managementProfile.handlebars", "Handlebars", 0, 94, 0, 0, 0, 0, 0, 0, 0, 1, 16, 111
"c:\Users\KCTCodingIm12\Desktop\KCI PI Beta 3.0\views\admin\profiles\unitTeamProfile.handlebars", "Handlebars", 0, 89, 0, 0, 0, 0, 0, 0, 0, 1, 16, 106
"c:\Users\KCTCodingIm12\Desktop\KCI PI Beta 3.0\views\admin\tables\classification.handlebars", "Handlebars", 0, 59, 0, 0, 0, 0, 0, 0, 0, 0, 5, 64
"c:\Users\KCTCodingIm12\Desktop\KCI PI Beta 3.0\views\admin\tables\company.handlebars", "Handlebars", 0, 56, 0, 0, 0, 0, 0, 0, 0, 0, 5, 61
"c:\Users\KCTCodingIm12\Desktop\KCI PI Beta 3.0\views\admin\tables\employer.handlebars", "Handlebars", 0, 56, 0, 0, 0, 0, 0, 0, 0, 0, 5, 61
"c:\Users\KCTCodingIm12\Desktop\KCI PI Beta 3.0\views\admin\tables\facility_management.handlebars", "Handlebars", 0, 59, 0, 0, 0, 0, 0, 0, 0, 0, 4, 63
"c:\Users\KCTCodingIm12\Desktop\KCI PI Beta 3.0\views\admin\tables\hiredResidents.handlebars", "Handlebars", 0, 74, 0, 0, 0, 0, 0, 0, 0, 0, 7, 81
"c:\Users\KCTCodingIm12\Desktop\KCI PI Beta 3.0\views\admin\tables\resident.handlebars", "Handlebars", 0, 75, 0, 0, 0, 0, 0, 0, 0, 0, 8, 83
"c:\Users\KCTCodingIm12\Desktop\KCI PI Beta 3.0\views\admin\tables\unitTeam.handlebars", "Handlebars", 0, 57, 0, 0, 0, 0, 0, 0, 0, 0, 4, 61
"c:\Users\KCTCodingIm12\Desktop\KCI PI Beta 3.0\views\auth\login.handlebars", "Handlebars", 0, 58, 0, 0, 0, 0, 0, 0, 0, 0, 11, 69
"c:\Users\KCTCodingIm12\Desktop\KCI PI Beta 3.0\views\auth\residentLogin.handlebars", "Handlebars", 0, 48, 0, 0, 0, 0, 0, 0, 0, 0, 5, 53
"c:\Users\KCTCodingIm12\Desktop\KCI PI Beta 3.0\views\classification\tables\applicants.handlebars", "Handlebars", 0, 59, 0, 0, 0, 0, 0, 0, 0, 0, 9, 68
"c:\Users\KCTCodingIm12\Desktop\KCI PI Beta 3.0\views\classification\tables\clearance.handlebars", "Handlebars", 0, 133, 0, 0, 0, 0, 0, 0, 0, 0, 18, 151
"c:\Users\KCTCodingIm12\Desktop\KCI PI Beta 3.0\views\classification\tables\cleared.handlebars", "Handlebars", 0, 62, 0, 0, 0, 0, 0, 0, 0, 0, 10, 72
"c:\Users\KCTCodingIm12\Desktop\KCI PI Beta 3.0\views\classification\tables\employees.handlebars", "Handlebars", 0, 66, 0, 0, 0, 0, 0, 0, 0, 0, 14, 80
"c:\Users\KCTCodingIm12\Desktop\KCI PI Beta 3.0\views\classification\tables\residents.handlebars", "Handlebars", 0, 87, 0, 0, 0, 0, 0, 0, 0, 3, 13, 103
"c:\Users\KCTCodingIm12\Desktop\KCI PI Beta 3.0\views\classification\tables\resumes.handlebars", "Handlebars", 0, 59, 0, 0, 0, 0, 0, 0, 0, 0, 7, 66
"c:\Users\KCTCodingIm12\Desktop\KCI PI Beta 3.0\views\clearance\requestHire.handlebars", "Handlebars", 0, 146, 0, 0, 0, 0, 0, 0, 0, 13, 21, 180
"c:\Users\KCTCodingIm12\Desktop\KCI PI Beta 3.0\views\clearance\requestInterview.handlebars", "Handlebars", 0, 137, 0, 0, 0, 0, 0, 0, 0, 10, 22, 169
"c:\Users\KCTCodingIm12\Desktop\KCI PI Beta 3.0\views\clearance\requestTermination.handlebars", "Handlebars", 0, 170, 0, 0, 0, 0, 0, 0, 0, 9, 22, 201
"c:\Users\KCTCodingIm12\Desktop\KCI PI Beta 3.0\views\clearance\reviewClearance.handlebars", "Handlebars", 0, 238, 0, 0, 0, 0, 0, 0, 0, 11, 31, 280
"c:\Users\KCTCodingIm12\Desktop\KCI PI Beta 3.0\views\clearance\thankYou.handlebars", "Handlebars", 0, 11, 0, 0, 0, 0, 0, 0, 0, 1, 3, 15
"c:\Users\KCTCodingIm12\Desktop\KCI PI Beta 3.0\views\employer\dashboard.handlebars", "Handlebars", 0, 212, 0, 0, 0, 0, 0, 0, 0, 0, 19, 231
"c:\Users\KCTCodingIm12\Desktop\KCI PI Beta 3.0\views\employer\employees.handlebars", "Handlebars", 0, 66, 0, 0, 0, 0, 0, 0, 0, 0, 11, 77
"c:\Users\KCTCodingIm12\Desktop\KCI PI Beta 3.0\views\employer\managePositions.handlebars", "Handlebars", 0, 420, 0, 0, 0, 0, 0, 0, 0, 23, 23, 466
"c:\Users\KCTCodingIm12\Desktop\KCI PI Beta 3.0\views\employer\manageWorkForce.handlebars", "Handlebars", 0, 141, 0, 0, 0, 0, 0, 0, 0, 0, 23, 164
"c:\Users\KCTCodingIm12\Desktop\KCI PI Beta 3.0\views\employer\profiles\jobProfile.handlebars", "Handlebars", 0, 307, 0, 0, 0, 0, 0, 0, 0, 13, 24, 344
"c:\Users\KCTCodingIm12\Desktop\KCI PI Beta 3.0\views\employer\profiles\residentProfile.handlebars", "Handlebars", 0, 537, 0, 0, 0, 0, 0, 0, 0, 23, 49, 609
"c:\Users\KCTCodingIm12\Desktop\KCI PI Beta 3.0\views\employer\reports.handlebars", "Handlebars", 0, 269, 0, 0, 0, 0, 0, 0, 0, 0, 24, 293
"c:\Users\KCTCodingIm12\Desktop\KCI PI Beta 3.0\views\error\403.handlebars", "Handlebars", 0, 12, 0, 0, 0, 0, 0, 0, 0, 0, 3, 15
"c:\Users\KCTCodingIm12\Desktop\KCI PI Beta 3.0\views\error\404.handlebars", "Handlebars", 0, 12, 0, 0, 0, 0, 0, 0, 0, 0, 3, 15
"c:\Users\KCTCodingIm12\Desktop\KCI PI Beta 3.0\views\error\410.handlebars", "Handlebars", 0, 11, 0, 0, 0, 0, 0, 0, 0, 0, 4, 15
"c:\Users\KCTCodingIm12\Desktop\KCI PI Beta 3.0\views\error\500.handlebars", "Handlebars", 0, 12, 0, 0, 0, 0, 0, 0, 0, 0, 3, 15
"c:\Users\KCTCodingIm12\Desktop\KCI PI Beta 3.0\views\error\residentError\403.handlebars", "Handlebars", 0, 11, 0, 0, 0, 0, 0, 0, 0, 0, 3, 14
"c:\Users\KCTCodingIm12\Desktop\KCI PI Beta 3.0\views\error\residentError\404.handlebars", "Handlebars", 0, 11, 0, 0, 0, 0, 0, 0, 0, 0, 3, 14
"c:\Users\KCTCodingIm12\Desktop\KCI PI Beta 3.0\views\error\residentError\500.handlebars", "Handlebars", 0, 11, 0, 0, 0, 0, 0, 0, 0, 0, 3, 14
"c:\Users\KCTCodingIm12\Desktop\KCI PI Beta 3.0\views\facility_management\tables\applicants.handlebars", "Handlebars", 0, 59, 0, 0, 0, 0, 0, 0, 0, 0, 12, 71
"c:\Users\KCTCodingIm12\Desktop\KCI PI Beta 3.0\views\facility_management\tables\clearance.handlebars", "Handlebars", 0, 157, 0, 0, 0, 0, 0, 0, 0, 0, 20, 177
"c:\Users\KCTCodingIm12\Desktop\KCI PI Beta 3.0\views\facility_management\tables\cleared.handlebars", "Handlebars", 0, 62, 0, 0, 0, 0, 0, 0, 0, 0, 12, 74
"c:\Users\KCTCodingIm12\Desktop\KCI PI Beta 3.0\views\facility_management\tables\employees.handlebars", "Handlebars", 0, 66, 0, 0, 0, 0, 0, 0, 0, 0, 16, 82
"c:\Users\KCTCodingIm12\Desktop\KCI PI Beta 3.0\views\facility_management\tables\residents.handlebars", "Handlebars", 0, 87, 0, 0, 0, 0, 0, 0, 0, 3, 15, 105
"c:\Users\KCTCodingIm12\Desktop\KCI PI Beta 3.0\views\facility_management\tables\resumes.handlebars", "Handlebars", 0, 59, 0, 0, 0, 0, 0, 0, 0, 0, 15, 74
"c:\Users\KCTCodingIm12\Desktop\KCI PI Beta 3.0\views\layouts\main.handlebars", "Handlebars", 0, 27, 0, 0, 0, 0, 0, 0, 0, 6, 13, 46
"c:\Users\KCTCodingIm12\Desktop\KCI PI Beta 3.0\views\partials\adminTemplate.handlebars", "Handlebars", 0, 174, 0, 0, 0, 0, 0, 0, 0, 0, 7, 181
"c:\Users\KCTCodingIm12\Desktop\KCI PI Beta 3.0\views\partials\arrowUp.handlebars", "Handlebars", 0, 2, 0, 0, 0, 0, 0, 0, 0, 1, 0, 3
"c:\Users\KCTCodingIm12\Desktop\KCI PI Beta 3.0\views\partials\classificationTemplate.handlebars", "Handlebars", 0, 181, 0, 0, 0, 0, 0, 0, 0, 0, 10, 191
"c:\Users\KCTCodingIm12\Desktop\KCI PI Beta 3.0\views\partials\employerTemplate.handlebars", "Handlebars", 0, 148, 0, 0, 0, 0, 0, 0, 0, 0, 12, 160
"c:\Users\KCTCodingIm12\Desktop\KCI PI Beta 3.0\views\partials\facility_managementTemplate.handlebars", "Handlebars", 0, 181, 0, 0, 0, 0, 0, 0, 0, 0, 16, 197
"c:\Users\KCTCodingIm12\Desktop\KCI PI Beta 3.0\views\partials\footer.handlebars", "Handlebars", 0, 8, 0, 0, 0, 0, 0, 0, 0, 0, 0, 8
"c:\Users\KCTCodingIm12\Desktop\KCI PI Beta 3.0\views\partials\residentTemplate.handlebars", "Handlebars", 0, 103, 0, 0, 0, 0, 0, 0, 0, 0, 10, 113
"c:\Users\KCTCodingIm12\Desktop\KCI PI Beta 3.0\views\partials\unitTeamTemplate.handlebars", "Handlebars", 0, 187, 0, 0, 0, 0, 0, 0, 0, 0, 13, 200
"c:\Users\KCTCodingIm12\Desktop\KCI PI Beta 3.0\views\resident\applications.handlebars", "Handlebars", 0, 75, 0, 0, 0, 0, 0, 0, 0, 1, 12, 88
"c:\Users\KCTCodingIm12\Desktop\KCI PI Beta 3.0\views\resident\dashboard.handlebars", "Handlebars", 0, 162, 0, 0, 0, 0, 0, 0, 0, 0, 28, 190
"c:\Users\KCTCodingIm12\Desktop\KCI PI Beta 3.0\views\resident\faq.handlebars", "Handlebars", 0, 214, 0, 0, 0, 0, 0, 0, 0, 0, 36, 250
"c:\Users\KCTCodingIm12\Desktop\KCI PI Beta 3.0\views\resident\jobInfo.handlebars", "Handlebars", 0, 113, 0, 0, 0, 0, 0, 0, 0, 1, 17, 131
"c:\Users\KCTCodingIm12\Desktop\KCI PI Beta 3.0\views\resident\profile.handlebars", "Handlebars", 0, 934, 0, 0, 0, 0, 0, 0, 0, 64, 23, 1021
"c:\Users\KCTCodingIm12\Desktop\KCI PI Beta 3.0\views\resident\recentActivities.handlebars", "Handlebars", 0, 49, 0, 0, 0, 0, 0, 0, 0, 0, 12, 61
"c:\Users\KCTCodingIm12\Desktop\KCI PI Beta 3.0\views\shared\contact.handlebars", "Handlebars", 0, 104, 0, 0, 0, 0, 0, 0, 0, 0, 11, 115
"c:\Users\KCTCodingIm12\Desktop\KCI PI Beta 3.0\views\shared\dashboard.handlebars", "Handlebars", 0, 436, 0, 0, 0, 0, 0, 0, 0, 2, 74, 512
"c:\Users\KCTCodingIm12\Desktop\KCI PI Beta 3.0\views\shared\helpDesk.handlebars", "Handlebars", 0, 78, 0, 0, 0, 0, 0, 0, 0, 0, 8, 86
"c:\Users\KCTCodingIm12\Desktop\KCI PI Beta 3.0\views\shared\manageClearanceKDOC.handlebars", "Handlebars", 0, 324, 0, 0, 0, 0, 0, 0, 0, 0, 49, 373
"c:\Users\KCTCodingIm12\Desktop\KCI PI Beta 3.0\views\shared\manageWorkForceKDOC.handlebars", "Handlebars", 0, 252, 0, 0, 0, 0, 0, 0, 0, 1, 34, 287
"c:\Users\KCTCodingIm12\Desktop\KCI PI Beta 3.0\views\shared\notifications.handlebars", "Handlebars", 0, 59, 0, 0, 0, 0, 0, 0, 0, 0, 14, 73
"c:\Users\KCTCodingIm12\Desktop\KCI PI Beta 3.0\views\shared\recentActivities.handlebars", "Handlebars", 0, 54, 0, 0, 0, 0, 0, 0, 0, 0, 11, 65
"c:\Users\KCTCodingIm12\Desktop\KCI PI Beta 3.0\views\shared\reports.handlebars", "Handlebars", 0, 289, 0, 0, 0, 0, 0, 0, 0, 0, 27, 316
"c:\Users\KCTCodingIm12\Desktop\KCI PI Beta 3.0\views\shared\residentProfile.handlebars", "Handlebars", 0, 1775, 0, 0, 0, 0, 0, 0, 0, 69, 110, 1954
"c:\Users\KCTCodingIm12\Desktop\KCI PI Beta 3.0\views\unitTeam\requestHire.handlebars", "Handlebars", 0, 177, 0, 0, 0, 0, 0, 0, 0, 12, 30, 219
"c:\Users\KCTCodingIm12\Desktop\KCI PI Beta 3.0\views\unitTeam\requestInterview.handlebars", "Handlebars", 0, 158, 0, 0, 0, 0, 0, 0, 0, 11, 24, 193
"c:\Users\KCTCodingIm12\Desktop\KCI PI Beta 3.0\views\unitTeam\requestTermination.handlebars", "Handlebars", 0, 161, 0, 0, 0, 0, 0, 0, 0, 9, 25, 195
"c:\Users\KCTCodingIm12\Desktop\KCI PI Beta 3.0\views\unitTeam\tables\applicants.handlebars", "Handlebars", 0, 59, 0, 0, 0, 0, 0, 0, 0, 0, 12, 71
"c:\Users\KCTCodingIm12\Desktop\KCI PI Beta 3.0\views\unitTeam\tables\clearance.handlebars", "Handlebars", 0, 133, 0, 0, 0, 0, 0, 0, 0, 0, 20, 153
"c:\Users\KCTCodingIm12\Desktop\KCI PI Beta 3.0\views\unitTeam\tables\cleared.handlebars", "Handlebars", 0, 62, 0, 0, 0, 0, 0, 0, 0, 0, 10, 72
"c:\Users\KCTCodingIm12\Desktop\KCI PI Beta 3.0\views\unitTeam\tables\employees.handlebars", "Handlebars", 0, 66, 0, 0, 0, 0, 0, 0, 0, 0, 16, 82
"c:\Users\KCTCodingIm12\Desktop\KCI PI Beta 3.0\views\unitTeam\tables\interviews.handlebars", "Handlebars", 0, 68, 0, 0, 0, 0, 0, 0, 0, 0, 16, 84
"c:\Users\KCTCodingIm12\Desktop\KCI PI Beta 3.0\views\unitTeam\tables\residents.handlebars", "Handlebars", 0, 87, 0, 0, 0, 0, 0, 0, 0, 3, 15, 105
"c:\Users\KCTCodingIm12\Desktop\KCI PI Beta 3.0\views\unitTeam\tables\resumes.handlebars", "Handlebars", 0, 59, 0, 0, 0, 0, 0, 0, 0, 0, 15, 74
"Total", "-", 379204, 14595, 13512, 0, 1, 44759, 3804, 2080, 1, 62553, 12791, 533300